<xml xmlns:s='uuid:BDC6E3F0-6DA3-11d1-A2A3-00AA00C14882'
	xmlns:dt='uuid:C2F41010-65B3-11d1-A29F-00AA00C14882'
	xmlns:rs='urn:schemas-microsoft-com:rowset'
	xmlns:z='#RowsetSchema'>
<s:Schema id='RowsetSchema'>
	<s:ElementType name='row' content='eltOnly' rs:updatable='true'>
		<s:AttributeType name='Type' rs:number='1' rs:write='true'>
			<s:datatype dt:type='string' rs:dbtype='str' dt:maxLength='9'
			 rs:precision='0' rs:maybenull='false'/>
		</s:AttributeType>
		<s:AttributeType name='Source' rs:number='2' rs:write='true'>
			<s:datatype dt:type='string' rs:dbtype='str' dt:maxLength='50'
			 rs:precision='0' rs:maybenull='false'/>
		</s:AttributeType>
		<s:AttributeType name='Description' rs:number='3' rs:write='true'>
			<s:datatype dt:type='string' rs:dbtype='str' dt:maxLength='255'
			 rs:precision='0' rs:maybenull='false'/>
		</s:AttributeType>
		<s:AttributeType name='Code' rs:number='4' rs:write='true'>
			<s:datatype dt:type='int' dt:maxLength='4' rs:precision='0'
			 rs:fixedlength='true' rs:maybenull='false'/>
		</s:AttributeType>
		<s:extends type='rs:rowbase'/>
	</s:ElementType>
</s:Schema>
<rs:data>
	<rs:insert>
		<z:row Type='##Error##' Source='Microsoft OLE DB Provider for ODBC Drivers'
			 Description='%5BMicrosoft%5D%5BDriver+ODBC+Microsoft+Access%5D+Il+modulo+di+gestione+di+database+Microsoft+Jet+non+%E8+in+grado+di+trovare+la+tabella+o+la+query+di+input++%27libri2%27%2E+Verificare+che+esista+e+che+il+nome+sia+stato+digitato+correttamente%2E'
			 Code='-2147217865'/>
	</rs:insert>
</rs:data>
</xml>