<xml xmlns:s='uuid:BDC6E3F0-6DA3-11d1-A2A3-00AA00C14882'
	xmlns:dt='uuid:C2F41010-65B3-11d1-A29F-00AA00C14882'
	xmlns:rs='urn:schemas-microsoft-com:rowset'
	xmlns:z='#RowsetSchema'>
<s:Schema id='RowsetSchema'>
	<s:ElementType name='row' content='eltOnly' rs:updatable='true'>
		<s:AttributeType name='TITOLO' rs:number='1' rs:nullable='true'
			 rs:write='true' rs:basecolumn='TITOLO'>
			<s:datatype dt:type='string' rs:dbtype='str' dt:maxLength='50'/>
		</s:AttributeType>
		<s:AttributeType name='AUTORE' rs:number='2' rs:nullable='true'
			 rs:write='true' rs:basecolumn='AUTORE'>
			<s:datatype dt:type='string' rs:dbtype='str' dt:maxLength='50'/>
		</s:AttributeType>
		<s:AttributeType name='PREZZO' rs:number='3' rs:nullable='true'
			 rs:write='true' rs:basecolumn='PREZZO'>
			<s:datatype dt:type='number' rs:dbtype='currency' dt:maxLength='8'
			 rs:precision='19' rs:fixedlength='true'/>
		</s:AttributeType>
		<s:AttributeType name='c3' rs:name='DATA DI PUBBLICAZIONE'
			 rs:number='4' rs:nullable='true' rs:write='true' rs:basecolumn='DATA DI PUBBLICAZIONE'>
			<s:datatype dt:type='dateTime' rs:dbtype='timestamp'
			 dt:maxLength='16' rs:scale='0' rs:precision='19' rs:fixedlength='true'/>
		</s:AttributeType>
		<s:extends type='rs:rowbase'/>
	</s:ElementType>
</s:Schema>
<rs:data>
	<z:row TITOLO='L&#x27;enigma dello spillo' AUTORE='E. Wallace'
		 PREZZO='20000.0000' c3='1994-05-23T00:00:00'/>
	<z:row TITOLO='La torre di Scarhaven' AUTORE='J.S. Fletcher'
		 PREZZO='18000.0000' c3='1993-11-06T00:00:00'/>
	<z:row TITOLO='L&#x27;uomo del mistero' AUTORE='E. Wallace'
		 PREZZO='22000.0000' c3='1995-09-02T00:00:00'/>
	<z:row TITOLO='Due iniziali soltanto' AUTORE='A.K.Green'
		 PREZZO='18000.0000' c3='1993-09-18T00:00:00'/>
	<z:row TITOLO='Il mistero del diamante giallo' AUTORE='J.S. Fletcher'
		 PREZZO='20000.0000' c3='1993-09-18T00:00:00'/>
	<z:row TITOLO='La giuria' AUTORE='J. Grisham' PREZZO='32000.0000'
		 c3='1996-06-06T00:00:00'/>
</rs:data>
</xml>