<?xml version="1.0"?>
<XML_DIZ_INFO>
	<MASTER_PAD_VERSION_INFO>
		<MASTER_PAD_VERSION>1.15</MASTER_PAD_VERSION>
		<MASTER_PAD_INFO>Portable Application Description, or PAD for short, is a data set that is used by shareware authors to dissemminate information to anyone interested in their software products.  To find out more go to http://www.asp-shareware.org/pad</MASTER_PAD_INFO>
	</MASTER_PAD_VERSION_INFO>
	<Company_Info>
		<Company_Name>Marcelino Martins</Company_Name>
		<Address_1></Address_1>
		<Address_2></Address_2>
		<City_Town>Providence</City_Town>
		<State_Province>Rhode Island</State_Province>
		<Zip_Postal_Code>02906</Zip_Postal_Code>
		<Country>United States</Country>
		<Company_WebSite_URL>http://www.mmartins.com</Company_WebSite_URL>
		<Contact_Info>
			<Author_First_Name>Marcelino</Author_First_Name>
			<Author_Last_Name>Martins</Author_Last_Name>
			<Author_Email>Use Contact Page</Author_Email>
			<Contact_First_Name></Contact_First_Name>
			<Contact_Last_Name></Contact_Last_Name>
			<Contact_Email></Contact_Email>
		</Contact_Info>
		<Support_Info>
			<Sales_Email></Sales_Email>
			<Support_Email></Support_Email>
			<General_Email></General_Email>
			<Sales_Phone></Sales_Phone>
			<Support_Phone></Support_Phone>
			<General_Phone></General_Phone>
			<Fax_Phone></Fax_Phone>
		</Support_Info>
	</Company_Info>
	<Program_Info>
		<Program_Name>FolderTree - JavaScript TreeView Applet</Program_Name>
		<Program_Version>2.1</Program_Version>
		<Program_Release_Month>04</Program_Release_Month>
		<Program_Release_Day>05</Program_Release_Day>
		<Program_Release_Year>2002</Program_Release_Year>
		<Program_Cost_Dollars>0</Program_Cost_Dollars>
		<Program_Cost_Other_Code></Program_Cost_Other_Code>
		<Program_Cost_Other></Program_Cost_Other>
		<Program_Type>Freeware</Program_Type>
		<Program_Release_Status>Major Update</Program_Release_Status>
		<Program_Install_Support>Install and Uninstall</Program_Install_Support>
		<Program_OS_Support>Win3.1x,Win95,Win98,WinME,WinXP,WinNT3.x,WinNT4.x,Windows2000,WindowsCE,Unix,Linux,MS-DOS,OS/2,OS/2Warp,OS/2Warp4,MAC68k,MacPPC,PalmOS1.0,PalmOS2.0,PalmOS2.1,PalmOS3.0,PalmOS3.1,PalmOS3.2</Program_OS_Support>
		<Program_Language>English</Program_Language>
		<Program_Change_Info></Program_Change_Info>
		<Program_System_Requirements></Program_System_Requirements>
		<Program_Specific_Category>Internet</Program_Specific_Category>
		<Program_Categories>JavaScript Applet Site Navigation</Program_Categories>
		<File_Info>
			<Filename_Versioned>ftv21.zip</Filename_Versioned>
			<Filename_Previous></Filename_Previous>
			<Filename_Generic></Filename_Generic>
			<Filename_Long></Filename_Long>
			<File_Size_Bytes></File_Size_Bytes>
			<File_Size_K>11</File_Size_K>
			<File_Size_MB></File_Size_MB>
		</File_Info>
		<Expire_Info>
			<Has_Expire_Info>N</Has_Expire_Info>
			<Expire_Count></Expire_Count>
			<Expire_Based_On>Days</Expire_Based_On>
			<Expire_Other_Info></Expire_Other_Info>
			<Expire_Month></Expire_Month>
			<Expire_Day></Expire_Day>
			<Expire_Year></Expire_Year>
		</Expire_Info>
		<Includes_VB_Runtime>N</Includes_VB_Runtime>
		<Includes_JAVA_VM>N</Includes_JAVA_VM>
		<Includes_DirectX>N</Includes_DirectX>
	</Program_Info>
	<Program_Descriptions>
		<English>
			<Keywords>OUTLINER, JAVASCRIPT, DHTML, TREE VIEW, TREEVIEW, APPLET, MENU, FOLDER, FOLDER-TREE, FOLDERTREE, Marcelino Martins, EXPAND, COLLAPSE, SITE MAP, SCRIPT, FREE, DOWNLOAD, WINDOWS EXPLORER</Keywords>
			<Char_Desc_45>Free JavaScript/DHTML treeview applet </Char_Desc_45>
			<Char_Desc_80>Free JavaScript/DHTML treeview applet with visual builder tool. IE &amp; NS.</Char_Desc_80>
			<Char_Desc_250>A compact, fast, reusable script that lets you enhance your site with an outliner that looks and feels exactly like Windows Explorer. Download the JavaScript/DHTML applet for free and configure it with the online visual builder.</Char_Desc_250>
			<Char_Desc_450>A compact, fast, reusable script that lets you enhance your site with an outliner that looks and feels exactly like Windows Explorer. Download the JavaScript/DHTML applet for free and configure it with the online visual builder. Features:
 - Cross-browser compatible
 - Unlimited nodes and levels
 - Visual configuration
 - Does not require Java or cookies
 - Runs entirely on the client-side
 - Hooks available for server-side dynamic data</Char_Desc_450>
			<Char_Desc_2000>A compact, fast, reusable script that lets you enhance your site with an outliner that looks and feels exactly like Windows Explorer. Download the JavaScript/DHTML applet for free and configure it with the online visual builder. Features:
 - Cross-browser compatible
 - Unlimited nodes and levels
 - Visual configuration
 - Does not require Java or cookies
 - Runs entirely on the client-side
 - Hooks available for server-side dynamic data</Char_Desc_2000>
		</English>
	</Program_Descriptions>
	<Web_Info>
		<Application_URLs>
			<Application_Info_URL>http://www.mmartins.com/ft/</Application_Info_URL>
			<Application_Order_URL>http://www.mmartins.com/ft/</Application_Order_URL>
			<Application_Screenshot_URL>http://www.mmartins.com/ft/ft-screenshot.gif</Application_Screenshot_URL>
			<Application_Icon_URL>http://www.mmartins.com/ft/ft-screenshot.gif</Application_Icon_URL>
			<Application_XML_File_URL>http://www.mmartins.com/ft/ftdistribution/pad_file.xml</Application_XML_File_URL>
		</Application_URLs>
		<Download_URLs>
			<Primary_Download_URL>http://www.mmartins.com/ft/ftdistribution/ftv21.zip</Primary_Download_URL>
			<Secondary_Download_URL></Secondary_Download_URL>
			<Additional_Download_URL_1></Additional_Download_URL_1>
			<Additional_Download_URL_2></Additional_Download_URL_2>
		</Download_URLs>
	</Web_Info>
	<Permissions>
		<Distribution_Permissions>
</Distribution_Permissions>
		<EULA>
</EULA>
	</Permissions>
	<ASP>
		<ASP_Member>N</ASP_Member>
		<ASP_Member_Number></ASP_Member_Number>
	</ASP>
</XML_DIZ_INFO>
